61.135.217.7,80
122.114.31.177,808
124.133.75.183,8118
60.167.20.153,808
115.227.134.253,8118
115.46.64.143,8123
112.251.212.91,8118
175.146.126.87,8118
183.45.79.244,80
182.121.210.13,8118
58.56.149.198,53281
218.74.29.216,8118
180.110.4.196,3128
42.55.173.190,80
58.216.202.149,8118
123.116.244.135,8118
112.249.54.130,8118
180.120.211.9,808
121.236.166.197,8118
183.55.43.162,8118
110.248.98.62,8118
119.98.209.28,8118
114.235.26.99,808
117.62.233.122,808
121.238.3.218,8118
115.46.69.205,8123
219.155.131.207,8118
221.3.39.207,8118
123.184.88.105,80
101.26.205.161,8118
39.86.40.205,8118
222.95.98.204,8118
180.173.83.149,8118
121.233.208.103,8118
139.226.56.230,8118
115.226.78.142,8118
123.185.129.27,8118
219.149.46.151,3129
121.31.100.15,8123
222.95.98.250,8118
139.208.194.8,8118
60.174.74.40,8118
117.66.134.247,8118
61.160.212.181,808
113.121.242.65,808
115.221.121.53,30378
171.38.26.12,8123
221.195.11.152,80
59.51.122.137,3128
171.12.181.170,27504
114.103.133.121,8118
27.211.233.175,8118
14.211.116.16,9999
144.123.69.185,46572
42.180.121.214,24315
60.167.135.232,47646
180.155.129.199,33796
115.210.181.239,30050
153.34.219.40,8118
183.52.104.176,43558
111.155.124.80,8123
125.126.164.100,29448
171.121.217.250,80
27.44.251.45,8118
59.51.120.167,3128
27.40.157.227,61234
223.246.203.134,26849
49.81.41.12,8118
27.40.159.162,61234
218.73.135.75,43761
117.62.1.183,48963
60.167.132.169,808
113.121.185.172,45182
1.193.237.119,26633
125.126.162.57,35122
125.126.163.123,26268
111.155.116.238,8123
42.54.7.239,80
125.126.172.25,25670
123.128.182.48,8118
140.250.128.233,22304
180.122.148.252,40883
124.64.58.49,8118
115.210.76.25,21272
59.58.64.79,9999
115.46.73.195,8123
115.213.201.174,3128
118.254.149.142,3128
60.169.218.53,23455
27.154.145.18,24362
123.13.40.72,9999
180.156.94.192,8118
49.87.75.133,25118
60.184.184.217,32712
1.197.178.139,29101
220.162.155.72,8888
123.149.162.135,44264
122.4.40.134,31780
36.26.107.18,31294
49.70.17.65,37441
61.135.217.7,80
122.114.31.177,808
124.133.75.183,8118
60.167.20.153,808
115.227.134.253,8118
115.46.64.143,8123
112.251.212.91,8118
175.146.126.87,8118
183.45.79.244,80
182.121.210.13,8118
58.56.149.198,53281
218.74.29.216,8118
180.110.4.196,3128
42.55.173.190,80
58.216.202.149,8118
123.116.244.135,8118
112.249.54.130,8118
180.120.211.9,808
121.236.166.197,8118
183.55.43.162,8118
110.248.98.62,8118
119.98.209.28,8118
114.235.26.99,808
117.62.233.122,808
121.238.3.218,8118
115.46.69.205,8123
219.155.131.207,8118
221.3.39.207,8118
123.184.88.105,80
101.26.205.161,8118
39.86.40.205,8118
222.95.98.204,8118
180.173.83.149,8118
121.233.208.103,8118
139.226.56.230,8118
115.226.78.142,8118
123.185.129.27,8118
219.149.46.151,3129
121.31.100.15,8123
222.95.98.250,8118
139.208.194.8,8118
60.174.74.40,8118
117.66.134.247,8118
61.160.212.181,808
113.121.242.65,808
115.221.121.53,30378
171.38.26.12,8123
221.195.11.152,80
59.51.122.137,3128
171.12.181.170,27504
114.103.133.121,8118
27.211.233.175,8118
14.211.116.16,9999
144.123.69.185,46572
42.180.121.214,24315
60.167.135.232,47646
180.155.129.199,33796
115.210.181.239,30050
153.34.219.40,8118
183.52.104.176,43558
111.155.124.80,8123
125.126.164.100,29448
171.121.217.250,80
27.44.251.45,8118
59.51.120.167,3128
27.40.157.227,61234
223.246.203.134,26849
49.81.41.12,8118
27.40.159.162,61234
218.73.135.75,43761
117.62.1.183,48963
60.167.132.169,808
113.121.185.172,45182
1.193.237.119,26633
125.126.162.57,35122
125.126.163.123,26268
111.155.116.238,8123
42.54.7.239,80
125.126.172.25,25670
123.128.182.48,8118
140.250.128.233,22304
180.122.148.252,40883
124.64.58.49,8118
115.210.76.25,21272
59.58.64.79,9999
115.46.73.195,8123
115.213.201.174,3128
118.254.149.142,3128
60.169.218.53,23455
27.154.145.18,24362
123.13.40.72,9999
180.156.94.192,8118
49.87.75.133,25118
60.184.184.217,32712
1.197.178.139,29101
220.162.155.72,8888
123.149.162.135,44264
122.4.40.134,31780
36.26.107.18,31294
49.70.17.65,37441
